filename,status,reject_reason
mena_0001.png,rejected,other
mena_0003.jpg,rejected,other
mena_0004.jpg,rejected,other
mena_0007.png,rejected,other
mena_0010.png,rejected,other
mena_0013.jpg,rejected,other
mena_0014.jpg,rejected,other
mena_0016.jpg,rejected,other
mena_0017.jpg,rejected,other
mena_0019.jpg,rejected,other
mena_0020.jpg,rejected,other
mena_0022.png,rejected,other
mena_0023.jpg,rejected,other
mena_0024.jpg,rejected,other
mena_0025.png,rejected,other
mena_0027.jpg,rejected,other
mena_0030.jpg,rejected,other
mena_0031.jpg,rejected,other
mena_0032.jpg,rejected,other
mena_0033.jpg,rejected,other
mena_0034.jpg,rejected,other
mena_0035.jpg,rejected,other
mena_0036.jpg,rejected,other
mena_0038.jpg,rejected,other
mena_0039.jpg,rejected,other
mena_0040.jpg,rejected,other
mena_0041.jpg,rejected,other
mena_0042.jpg,rejected,other
mena_0043.jpg,rejected,other
mena_0044.jpg,rejected,other
mena_0045.jpg,rejected,other
mena_0046.jpg,rejected,other
mena_0051.jpg,rejected,other
mena_0052.jpg,rejected,other
mena_0053.jpg,rejected,other
mena_0054.jpg,rejected,other
mena_0055.jpg,rejected,other
mena_0056.jpg,rejected,other
mena_0057.png,rejected,other
mena_0058.jpg,rejected,other
mena_0059.jpg,rejected,other
mena_0060.png,rejected,other
mena_0061.png,rejected,other
mena_0062.jpg,rejected,other
mena_0063.png,rejected,other
mena_0064.jpg,rejected,other
mena_0065.jpg,rejected,other
mena_0066.jpg,rejected,other
mena_0067.jpg,rejected,other
mena_0068.jpg,rejected,other
mena_0069.jpg,rejected,other
mena_0070.jpg,rejected,other
mena_0071.jpg,rejected,other
mena_0074.jpg,rejected,other
mena_0075.jpg,rejected,other
mena_0076.jpg,rejected,other
mena_0077.png,rejected,other
mena_0078.jpg,rejected,other
mena_0079.jpg,rejected,other
mena_0080.png,rejected,other
mena_0081.jpg,rejected,other
mena_0083.jpg,rejected,other
mena_0091.jpg,rejected,other
mena_0092.jpg,rejected,other
mena_0093.jpg,rejected,other
mena_0096.jpg,rejected,other
mena_0097.jpg,rejected,other
mena_0098.jpg,rejected,other
mena_0099.jpg,rejected,other
mena_0100.jpg,rejected,other
mena_0101.jpg,rejected,other
mena_0102.jpg,rejected,other
mena_0103.jpg,rejected,other
mena_0105.jpg,rejected,other
mena_0106.jpg,rejected,other
mena_0107.jpg,rejected,other
mena_0109.jpg,rejected,other
mena_0110.jpg,rejected,other
mena_0111.jpg,rejected,other
mena_0112.jpg,rejected,other
mena_0113.png,rejected,other
mena_0114.jpg,rejected,other
mena_0115.png,rejected,other
mena_0116.png,rejected,other
mena_0117.jpg,rejected,other
mena_0118.png,rejected,other
mena_0119.jpg,rejected,other
mena_0122.jpg,rejected,other
mena_0123.jpg,rejected,other
mena_0124.jpg,rejected,other
mena_0126.jpg,rejected,other
mena_0127.png,rejected,other
mena_0129.jpg,rejected,other
mena_0130.png,rejected,other
mena_0131.jpg,rejected,other
mena_0133.jpg,rejected,other
mena_0134.jpg,rejected,other
mena_0135.jpg,rejected,other
mena_0139.jpg,rejected,other
mena_0147.jpg,rejected,other
mena_0148.jpg,rejected,other
mena_0150.jpg,rejected,other
mena_0157.jpg,rejected,other
mena_0160.jpg,rejected,other
mena_0162.png,rejected,other
mena_0163.jpg,rejected,other
mena_0164.jpg,rejected,other
mena_0166.jpg,rejected,other
mena_0168.jpg,rejected,other
mena_0169.jpg,rejected,other
mena_0172.jpg,rejected,other
mena_0174.jpg,rejected,other
mena_0175.jpg,rejected,other
mena_0176.jpg,rejected,other
mena_0177.jpg,rejected,other
mena_0178.jpg,rejected,other
mena_0180.jpg,rejected,other
mena_0181.jpg,rejected,other
mena_0182.jpg,rejected,other
mena_0185.jpg,rejected,other
mena_0186.jpg,rejected,other
mena_0188.jpg,rejected,other
mena_0189.jpg,rejected,other
mena_0190.jpg,rejected,other
mena_0191.jpg,rejected,other
mena_0192.jpg,rejected,other
mena_0193.jpg,rejected,other
mena_0194.jpg,rejected,other
mena_0200.jpg,rejected,other
mena_0201.jpg,rejected,other
mena_0202.jpg,rejected,other
mena_0203.jpg,rejected,other
mena_0204.jpg,rejected,other
mena_0206.jpg,rejected,other
mena_0215.jpg,rejected,other
mena_0221.jpg,rejected,other
mena_0222.jpg,rejected,other
mena_0223.jpg,rejected,other
mena_0226.jpg,rejected,other
mena_0228.jpg,rejected,other
mena_0231.jpg,rejected,other
mena_0232.jpg,rejected,other
mena_0235.jpg,rejected,other
mena_0236.jpg,rejected,other
mena_0238.jpg,rejected,other
mena_0239.jpg,rejected,other
mena_0240.jpg,rejected,other
mena_0242.jpg,rejected,other
mena_0244.jpg,rejected,other
mena_0245.jpg,rejected,other
mena_0248.jpg,rejected,other
mena_0249.jpg,rejected,other
mena_0251.png,rejected,other
mena_0254.jpg,rejected,other
mena_0255.jpg,rejected,other
mena_0256.jpg,rejected,other
mena_0259.jpg,rejected,other
mena_0260.jpg,rejected,other
mena_0261.jpg,rejected,other
mena_0262.jpg,rejected,other
mena_0263.jpg,rejected,other
mena_0264.jpg,rejected,other
mena_0266.jpg,rejected,other
mena_0269.jpg,rejected,other
mena_0270.jpg,rejected,other
mena_0271.jpg,rejected,other
mena_0272.jpg,rejected,other
mena_0273.jpg,rejected,other
mena_0274.jpg,rejected,other
mena_0275.jpg,rejected,other
mena_0279.jpg,rejected,other
mena_0282.jpg,rejected,other
mena_0285.jpg,rejected,other
mena_0289.jpg,rejected,other
mena_0290.jpg,rejected,other
mena_0291.jpg,rejected,other
mena_0292.jpg,rejected,other
mena_0294.jpg,rejected,other
mena_0296.jpg,rejected,other
mena_0298.jpg,rejected,other
mena_0301.jpg,rejected,other
mena_0302.jpg,rejected,other
mena_0303.jpg,rejected,other
mena_0306.jpg,rejected,other
mena_0307.jpg,rejected,other
mena_0308.jpg,rejected,other
mena_0309.jpg,rejected,other
mena_0310.jpg,rejected,other
mena_0312.jpg,rejected,other
mena_0314.jpg,rejected,other
mena_0315.jpg,rejected,other
mena_0316.jpg,rejected,other
mena_0319.jpg,rejected,other
mena_0322.jpg,rejected,other
mena_0323.jpg,rejected,other
mena_0324.jpg,rejected,other
mena_0326.jpg,rejected,other
mena_0327.jpg,rejected,other
mena_0329.jpg,rejected,other
mena_0330.jpg,rejected,other
mena_0331.jpg,rejected,other
mena_0335.png,rejected,other
mena_0336.jpg,rejected,other
mena_0338.jpg,rejected,other
mena_0339.jpg,rejected,other
mena_0340.jpg,rejected,other
mena_0341.jpg,rejected,other
mena_0342.jpg,rejected,other
mena_0344.jpg,rejected,other
mena_0345.jpg,rejected,other
mena_0346.jpg,rejected,other
mena_0349.jpg,rejected,other
mena_0350.jpg,rejected,other
mena_0351.jpg,rejected,other
mena_0358.jpg,rejected,other
mena_0363.jpg,rejected,other
mena_0364.jpg,rejected,other
mena_0365.jpg,rejected,other
mena_0367.png,rejected,other
mena_0368.jpg,rejected,other
mena_0369.jpg,rejected,other
mena_0370.jpg,rejected,other
mena_0371.jpg,rejected,other
mena_0372.jpg,rejected,other
mena_0373.jpg,rejected,other
mena_0374.jpg,rejected,other
mena_0375.jpg,rejected,other
mena_0376.jpg,rejected,other
mena_0378.jpg,rejected,other
mena_0379.jpg,rejected,other
mena_0381.jpg,rejected,other
mena_0383.jpg,rejected,other
mena_0389.jpg,rejected,other
mena_0390.jpg,rejected,other
mena_0391.jpg,rejected,other
mena_0392.jpg,rejected,other
mena_0395.jpg,rejected,other
mena_0397.jpg,rejected,other
mena_0398.jpg,rejected,other
mena_0400.jpg,rejected,other
mena_0403.jpg,rejected,other
mena_0404.jpg,rejected,other
mena_0406.jpg,rejected,other
mena_0407.jpg,rejected,other
mena_0409.jpg,rejected,other
mena_0410.jpg,rejected,other
mena_0411.jpg,rejected,other
mena_0414.jpg,rejected,other
mena_0415.jpg,rejected,other
mena_0416.jpg,rejected,other
mena_0417.jpg,rejected,other
mena_0418.jpg,rejected,other
mena_0419.jpg,rejected,other
mena_0420.jpg,rejected,other
mena_0425.jpg,rejected,other
mena_0426.jpg,rejected,other
mena_0428.jpg,rejected,other
mena_0429.jpg,rejected,other
mena_0430.jpg,rejected,other
mena_0431.jpg,rejected,other
mena_0432.jpg,rejected,other
mena_0433.jpg,rejected,other
mena_0434.jpg,rejected,other
mena_0437.jpg,rejected,other
mena_0438.jpg,rejected,other
mena_0439.jpg,rejected,other
mena_0441.jpg,rejected,other
mena_0442.jpg,rejected,other
mena_0443.jpg,rejected,other
mena_0445.jpg,rejected,other
mena_0447.jpg,rejected,other
mena_0448.jpg,rejected,other
mena_0452.jpg,rejected,other
mena_0453.jpg,rejected,other
mena_0454.jpg,rejected,other
mena_0455.jpg,rejected,other
mena_0461.jpg,rejected,other
mena_0466.jpg,rejected,other
mena_0473.jpg,rejected,other
mena_0474.jpg,rejected,other
mena_0485.jpg,rejected,other
mena_0486.jpg,rejected,other
mena_0488.jpg,rejected,other
mena_0491.jpg,rejected,other
mena_0493.jpg,rejected,other
mena_0494.jpg,rejected,other
mena_0497.jpg,rejected,other
mena_0498.jpg,rejected,other